{"cameraMode":{"drawMode":0,"name":"Shaded","section":"Shading Mode"},"sceneLighting":true,"audioPlay":false,"sceneViewState":{"showFog":true,"showMaterialUpdate":true,"showSkybox":true,"showFlares":true,"showImageEffects":true,"showParticleSystems":true},"in2DMode":false,"pivot":{"x":2.2039718627929689,"y":-1.7282171249389649,"z":-0.6673793792724609},"rotation":{"x":-0.09003984928131104,"y":0.908536970615387,"z":-0.2605748474597931,"w":-0.31393876671791079},"size":4.599996566772461,"orthographic":false}